"ASV","Contaminant","Genus","Family","Order","Phylum","Kingdom"
"ASV_177",TRUE,"g__","f__","o__Candidatus Liptonbacteria","p__Patescibacteria","k__Bacteria"
"ASV_213",TRUE,"g__","f__A4b","o__SBR1031","p__Chloroflexi","k__Bacteria"
"ASV_299",TRUE,"g__","f__","o__Candidatus Curtissbacteria","p__Patescibacteria","k__Bacteria"
"ASV_306",TRUE,"g__Subdoligranulum","f__Ruminococcaceae","o__Oscillospirales","p__Firmicutes","k__Bacteria"
"ASV_312",TRUE,"g__Subdoligranulum","f__Ruminococcaceae","o__Oscillospirales","p__Firmicutes","k__Bacteria"
"ASV_1071",TRUE,"g__Spirochaeta 2","f__Spirochaetaceae","o__Spirochaetales","p__Spirochaetota","k__Bacteria"
"ASV_1093",TRUE,"g__Spirochaeta 2","f__Spirochaetaceae","o__Spirochaetales","p__Spirochaetota","k__Bacteria"
"ASV_1104",TRUE,"g__Spirochaeta 2","f__Spirochaetaceae","o__Spirochaetales","p__Spirochaetota","k__Bacteria"
"ASV_1174",TRUE,"g__","f__","o__Saccharimonadales","p__Patescibacteria","k__Bacteria"
"ASV_1241",TRUE,"g__","f__Spirochaetaceae","o__Spirochaetales","p__Spirochaetota","k__Bacteria"
"ASV_1695",TRUE,"g__","f__","o__Candidatus Peribacteria","p__Patescibacteria","k__Bacteria"
"ASV_1771",TRUE,"g__Kouleothrix","f__Roseiflexaceae","o__Chloroflexales","p__Chloroflexi","k__Bacteria"
"ASV_1812",TRUE,"g__","f__","o__","p__","k__Bacteria"
"ASV_1824",TRUE,"g__","f__","o__","p__Planctomycetota","k__Bacteria"
"ASV_1875",TRUE,"g__","f__Sandaracinaceae","o__Polyangiales","p__Myxococcota","k__Bacteria"
"ASV_1884",TRUE,"g__Sandaracinus","f__Sandaracinaceae","o__Polyangiales","p__Myxococcota","k__Bacteria"
"ASV_1894",TRUE,"g__","f__Sandaracinaceae","o__Polyangiales","p__Myxococcota","k__Bacteria"
"ASV_1956",TRUE,"g__Phaselicystis","f__Phaselicystidaceae","o__Polyangiales","p__Myxococcota","k__Bacteria"
"ASV_1968",TRUE,"g__","f__BIrii41","o__Polyangiales","p__Myxococcota","k__Bacteria"
"ASV_1992",TRUE,"g__","f__Polyangiaceae","o__Polyangiales","p__Myxococcota","k__Bacteria"
"ASV_1996",TRUE,"g__Pajaroellobacter","f__Polyangiaceae","o__Polyangiales","p__Myxococcota","k__Bacteria"
"ASV_2021",TRUE,"g__Pajaroellobacter","f__Polyangiaceae","o__Polyangiales","p__Myxococcota","k__Bacteria"
"ASV_2061",TRUE,"g__","f__","o__","p__","k__Bacteria"
"ASV_2189",TRUE,"g__","f__","o__Omnitrophales","p__Verrucomicrobiota","k__Bacteria"
"ASV_2447",TRUE,"g__Fimbriiglobus","f__Gemmataceae","o__Gemmatales","p__Planctomycetota","k__Bacteria"
"ASV_2476",TRUE,"g__Pirellula","f__Pirellulaceae","o__Pirellulales","p__Planctomycetota","k__Bacteria"
"ASV_2683",TRUE,"g__","f__NS11-12 marine group","o__Sphingobacteriales","p__Bacteroidota","k__Bacteria"
"ASV_2694",TRUE,"g__","f__env.OPS 17","o__Sphingobacteriales","p__Bacteroidota","k__Bacteria"
"ASV_2712",TRUE,"g__","f__env.OPS 17","o__Sphingobacteriales","p__Bacteroidota","k__Bacteria"
"ASV_2720",TRUE,"g__","f__env.OPS 17","o__Sphingobacteriales","p__Bacteroidota","k__Bacteria"
"ASV_2734",TRUE,"g__","f__env.OPS 17","o__Sphingobacteriales","p__Bacteroidota","k__Bacteria"
"ASV_2744",TRUE,"g__","f__env.OPS 17","o__Sphingobacteriales","p__Bacteroidota","k__Bacteria"
"ASV_2764",TRUE,"g__","f__env.OPS 17","o__Sphingobacteriales","p__Bacteroidota","k__Bacteria"
"ASV_2775",TRUE,"g__","f__env.OPS 17","o__Sphingobacteriales","p__Bacteroidota","k__Bacteria"
"ASV_2782",TRUE,"g__","f__env.OPS 17","o__Sphingobacteriales","p__Bacteroidota","k__Bacteria"
"ASV_2830",TRUE,"g__Reyranella","f__Reyranellaceae","o__Reyranellales","p__Proteobacteria","k__Bacteria"
"ASV_2868",TRUE,"g__","f__","o__MVP-88","p__Elusimicrobiota","k__Bacteria"
"ASV_2908",TRUE,"g__Pirellula","f__Pirellulaceae","o__Pirellulales","p__Planctomycetota","k__Bacteria"
"ASV_2917",TRUE,"g__Pirellula","f__Pirellulaceae","o__Pirellulales","p__Planctomycetota","k__Bacteria"
"ASV_2935",TRUE,"g__Bdellovibrio","f__Bdellovibrionaceae","o__Bdellovibrionales","p__Bdellovibrionota","k__Bacteria"
"ASV_3012",TRUE,"g__Bdellovibrio","f__Bdellovibrionaceae","o__Bdellovibrionales","p__Bdellovibrionota","k__Bacteria"
"ASV_3015",TRUE,"g__Bdellovibrio","f__Bdellovibrionaceae","o__Bdellovibrionales","p__Bdellovibrionota","k__Bacteria"
"ASV_3029",TRUE,"g__Bdellovibrio","f__Bdellovibrionaceae","o__Bdellovibrionales","p__Bdellovibrionota","k__Bacteria"
"ASV_3105",TRUE,"g__Bdellovibrio","f__Bdellovibrionaceae","o__Bdellovibrionales","p__Bdellovibrionota","k__Bacteria"
"ASV_3123",TRUE,"g__Bdellovibrio","f__Bdellovibrionaceae","o__Bdellovibrionales","p__Bdellovibrionota","k__Bacteria"
"ASV_3131",TRUE,"g__Bdellovibrio","f__Bdellovibrionaceae","o__Bdellovibrionales","p__Bdellovibrionota","k__Bacteria"
"ASV_3144",TRUE,"g__Bdellovibrio","f__Bdellovibrionaceae","o__Bdellovibrionales","p__Bdellovibrionota","k__Bacteria"
"ASV_3180",TRUE,"g__Bdellovibrio","f__Bdellovibrionaceae","o__Bdellovibrionales","p__Bdellovibrionota","k__Bacteria"
"ASV_3214",TRUE,"g__Bdellovibrio","f__Bdellovibrionaceae","o__Bdellovibrionales","p__Bdellovibrionota","k__Bacteria"
"ASV_3219",TRUE,"g__Bdellovibrio","f__Bdellovibrionaceae","o__Bdellovibrionales","p__Bdellovibrionota","k__Bacteria"
"ASV_3221",TRUE,"g__Bdellovibrio","f__Bdellovibrionaceae","o__Bdellovibrionales","p__Bdellovibrionota","k__Bacteria"
"ASV_3407",TRUE,"g__Caedibacter","f__Caedibacteraceae","o__Caedibacterales","p__Proteobacteria","k__Bacteria"
"ASV_3421",TRUE,"g__","f__Rickettsiaceae","o__Rickettsiales","p__Proteobacteria","k__Bacteria"
"ASV_3766",TRUE,"g__","f__","o__Candidatus Curtissbacteria","p__Patescibacteria","k__Bacteria"
"ASV_3780",TRUE,"g__","f__Fimbriimonadaceae","o__Fimbriimonadales","p__Armatimonadota","k__Bacteria"
"ASV_4118",TRUE,"g__","f__","o__","p__","k__Bacteria"
"ASV_4163",TRUE,"g__","f__","o__Candidatus Magasanikbacteria","p__Patescibacteria","k__Bacteria"
"ASV_4198",TRUE,"g__","f__","o__Candidatus Yanofskybacteria","p__Patescibacteria","k__Bacteria"
"ASV_4361",TRUE,"g__","f__","o__Candidatus Yanofskybacteria","p__Patescibacteria","k__Bacteria"
"ASV_4473",TRUE,"g__","f__","o__Candidatus Magasanikbacteria","p__Patescibacteria","k__Bacteria"
"ASV_4516",TRUE,"g__","f__","o__Candidatus Magasanikbacteria","p__Patescibacteria","k__Bacteria"
"ASV_4527",TRUE,"g__","f__","o__Candidatus Magasanikbacteria","p__Patescibacteria","k__Bacteria"
"ASV_4540",TRUE,"g__","f__","o__Candidatus Yanofskybacteria","p__Patescibacteria","k__Bacteria"
"ASV_4598",TRUE,"g__","f__","o__Candidatus Doudnabacteria","p__Patescibacteria","k__Bacteria"
"ASV_4641",TRUE,"g__","f__","o__Candidatus Magasanikbacteria","p__Patescibacteria","k__Bacteria"
"ASV_4694",TRUE,"g__","f__","o__Candidatus Moranbacteria","p__Patescibacteria","k__Bacteria"
"ASV_4769",TRUE,"g__","f__","o__","p__Patescibacteria","k__Bacteria"
"ASV_4772",TRUE,"g__","f__","o__Candidatus Magasanikbacteria","p__Patescibacteria","k__Bacteria"
"ASV_4886",TRUE,"g__","f__","o__Candidatus Magasanikbacteria","p__Patescibacteria","k__Bacteria"
"ASV_4892",TRUE,"g__","f__","o__Candidatus Magasanikbacteria","p__Patescibacteria","k__Bacteria"
"ASV_4904",TRUE,"g__","f__","o__Candidatus Yanofskybacteria","p__Patescibacteria","k__Bacteria"
"ASV_4936",TRUE,"g__","f__","o__Candidatus Magasanikbacteria","p__Patescibacteria","k__Bacteria"
"ASV_4960",TRUE,"g__","f__Opitutaceae","o__Opitutales","p__Verrucomicrobiota","k__Bacteria"
"ASV_5000",TRUE,"g__Opitutus","f__Opitutaceae","o__Opitutales","p__Verrucomicrobiota","k__Bacteria"
"ASV_5033",TRUE,"g__IMCC26134","f__Opitutaceae","o__Opitutales","p__Verrucomicrobiota","k__Bacteria"
"ASV_5095",TRUE,"g__","f__","o__","p__Planctomycetota","k__Bacteria"
"ASV_5328",TRUE,"g__","f__","o__Candidatus Kaiserbacteria","p__Patescibacteria","k__Bacteria"
"ASV_5535",TRUE,"g__","f__","o__","p__Patescibacteria","k__Bacteria"
"ASV_5892",TRUE,"g__","f__","o__Candidatus Kaiserbacteria","p__Patescibacteria","k__Bacteria"
"ASV_5940",TRUE,"g__","f__","o__Candidatus Nomurabacteria","p__Patescibacteria","k__Bacteria"
"ASV_5964",TRUE,"g__","f__","o__Candidatus Nomurabacteria","p__Patescibacteria","k__Bacteria"
"ASV_5988",TRUE,"g__","f__","o__Candidatus Nomurabacteria","p__Patescibacteria","k__Bacteria"
"ASV_6100",TRUE,"g__","f__","o__Candidatus Nomurabacteria","p__Patescibacteria","k__Bacteria"
"ASV_6125",TRUE,"g__","f__","o__Candidatus Nomurabacteria","p__Patescibacteria","k__Bacteria"
"ASV_6209",TRUE,"g__","f__","o__Subgroup 7","p__Acidobacteriota","k__Bacteria"
"ASV_6225",TRUE,"g__","f__Holophagaceae","o__Holophagales","p__Acidobacteriota","k__Bacteria"
"ASV_6231",TRUE,"g__Geothrix","f__Holophagaceae","o__Holophagales","p__Acidobacteriota","k__Bacteria"
"ASV_6239",TRUE,"g__","f__Holophagaceae","o__Holophagales","p__Acidobacteriota","k__Bacteria"
"ASV_6260",TRUE,"g__Vicinamibacter","f__Vicinamibacteraceae","o__Vicinamibacterales","p__Acidobacteriota","k__Bacteria"
"ASV_6295",TRUE,"g__","f__","o__","p__Proteobacteria","k__Bacteria"
"ASV_6385",TRUE,"g__Rickettsiella","f__Diplorickettsiaceae","o__Diplorickettsiales","p__Proteobacteria","k__Bacteria"
"ASV_6445",TRUE,"g__Psychrobacter","f__Moraxellaceae","o__Pseudomonadales","p__Proteobacteria","k__Bacteria"
"ASV_6459",TRUE,"g__","f__","o__KF-JG30-C25","p__Proteobacteria","k__Bacteria"
"ASV_6463",TRUE,"g__","f__","o__","p__Proteobacteria","k__Bacteria"
"ASV_6507",TRUE,"g__Perlucidibaca","f__Moraxellaceae","o__Pseudomonadales","p__Proteobacteria","k__Bacteria"
"ASV_6512",TRUE,"g__Cavicella","f__Moraxellaceae","o__Pseudomonadales","p__Proteobacteria","k__Bacteria"
"ASV_6520",TRUE,"g__","f__","o__","p__Proteobacteria","k__Bacteria"
"ASV_6524",TRUE,"g__","f__","o__","p__Proteobacteria","k__Bacteria"
"ASV_6529",TRUE,"g__Pseudomonas","f__Pseudomonadaceae","o__Pseudomonadales","p__Proteobacteria","k__Bacteria"
"ASV_6633",TRUE,"g__Pseudomonas","f__Pseudomonadaceae","o__Pseudomonadales","p__Proteobacteria","k__Bacteria"
"ASV_6650",TRUE,"g__Pseudomonas","f__Pseudomonadaceae","o__Pseudomonadales","p__Proteobacteria","k__Bacteria"
"ASV_6668",TRUE,"g__Beggiatoa","f__Beggiatoaceae","o__Beggiatoales","p__Proteobacteria","k__Bacteria"
"ASV_6679",TRUE,"g__Acidibacter","f__","o__","p__Proteobacteria","k__Bacteria"
"ASV_6732",TRUE,"g__Thiovirga","f__Halothiobacillaceae","o__Halothiobacillales","p__Proteobacteria","k__Bacteria"
"ASV_6817",TRUE,"g__","f__","o__","p__Proteobacteria","k__Bacteria"
"ASV_6899",TRUE,"g__","f__Saprospiraceae","o__Chitinophagales","p__Bacteroidota","k__Bacteria"
"ASV_6917",TRUE,"g__","f__Saprospiraceae","o__Chitinophagales","p__Bacteroidota","k__Bacteria"
"ASV_6924",TRUE,"g__","f__Saprospiraceae","o__Chitinophagales","p__Bacteroidota","k__Bacteria"
"ASV_7022",TRUE,"g__","f__","o__Candidatus Woesebacteria","p__Patescibacteria","k__Bacteria"
"ASV_7040",TRUE,"g__","f__","o__","p__SAR324 clade(Marine group B)","k__Bacteria"
"ASV_7089",TRUE,"g__","f__","o__0319-6G20","p__Bdellovibrionota","k__Bacteria"
"ASV_7099",TRUE,"g__","f__","o__0319-6G20","p__Bdellovibrionota","k__Bacteria"
"ASV_7214",TRUE,"g__","f__","o__0319-6G20","p__Bdellovibrionota","k__Bacteria"
"ASV_7283",TRUE,"g__KD3-10","f__Myxococcaceae","o__Myxococcales","p__Myxococcota","k__Bacteria"
"ASV_7302",TRUE,"g__","f__","o__0319-6G20","p__Bdellovibrionota","k__Bacteria"
"ASV_7377",TRUE,"g__","f__","o__","p__Proteobacteria","k__Bacteria"
"ASV_7469",TRUE,"g__","f__","o__","p__Proteobacteria","k__Bacteria"
"ASV_7607",TRUE,"g__","f__","o__","p__Proteobacteria","k__Bacteria"
"ASV_7613",TRUE,"g__Acinetobacter","f__Moraxellaceae","o__Pseudomonadales","p__Proteobacteria","k__Bacteria"
"ASV_7624",TRUE,"g__Acinetobacter","f__Moraxellaceae","o__Pseudomonadales","p__Proteobacteria","k__Bacteria"
"ASV_7901",TRUE,"g__","f__Pedosphaeraceae","o__Pedosphaerales","p__Verrucomicrobiota","k__Bacteria"
"ASV_7958",TRUE,"g__","f__Pedosphaeraceae","o__Pedosphaerales","p__Verrucomicrobiota","k__Bacteria"
"ASV_7982",TRUE,"g__DEV008","f__Pedosphaeraceae","o__Pedosphaerales","p__Verrucomicrobiota","k__Bacteria"
"ASV_7986",TRUE,"g__","f__Pedosphaeraceae","o__Pedosphaerales","p__Verrucomicrobiota","k__Bacteria"
"ASV_8005",TRUE,"g__","f__Pedosphaeraceae","o__Pedosphaerales","p__Verrucomicrobiota","k__Bacteria"
"ASV_8021",TRUE,"g__","f__","o__Absconditabacteriales (SR1)","p__Patescibacteria","k__Bacteria"
"ASV_8067",TRUE,"g__Chthoniobacter","f__Chthoniobacteraceae","o__Chthoniobacterales","p__Verrucomicrobiota","k__Bacteria"
"ASV_8114",TRUE,"g__","f__Verrucomicrobiaceae","o__Verrucomicrobiales","p__Verrucomicrobiota","k__Bacteria"
"ASV_8126",TRUE,"g__Prosthecobacter","f__Verrucomicrobiaceae","o__Verrucomicrobiales","p__Verrucomicrobiota","k__Bacteria"
"ASV_8157",TRUE,"g__Prosthecobacter","f__Verrucomicrobiaceae","o__Verrucomicrobiales","p__Verrucomicrobiota","k__Bacteria"
"ASV_8175",TRUE,"g__","f__Verrucomicrobiaceae","o__Verrucomicrobiales","p__Verrucomicrobiota","k__Bacteria"
"ASV_8205",TRUE,"g__Chthoniobacter","f__Chthoniobacteraceae","o__Chthoniobacterales","p__Verrucomicrobiota","k__Bacteria"
"ASV_8290",TRUE,"g__","f__","o__","p__Planctomycetota","k__Bacteria"
"ASV_8305",TRUE,"g__","f__","o__Subgroup 17","p__Acidobacteriota","k__Bacteria"
"ASV_8322",TRUE,"g__","f__Vicinamibacteraceae","o__Vicinamibacterales","p__Acidobacteriota","k__Bacteria"
"ASV_8325",TRUE,"g__","f__Vicinamibacteraceae","o__Vicinamibacterales","p__Acidobacteriota","k__Bacteria"
"ASV_8437",TRUE,"g__","f__","o__","p__Planctomycetota","k__Bacteria"
"ASV_8612",TRUE,"g__","f__","o__Vicinamibacterales","p__Acidobacteriota","k__Bacteria"
"ASV_8634",TRUE,"g__","f__","o__","p__","k__Bacteria"
"ASV_8685",TRUE,"g__","f__","o__","p__","k__Bacteria"
"ASV_8695",TRUE,"g__","f__","o__Absconditabacteriales (SR1)","p__Patescibacteria","k__Bacteria"
"ASV_8782",TRUE,"g__","f__","o__","p__","k__Bacteria"
"ASV_8795",TRUE,"g__hgcI clade","f__Sporichthyaceae","o__Frankiales","p__Actinobacteriota","k__Bacteria"
"ASV_8805",TRUE,"g__hgcI clade","f__Sporichthyaceae","o__Frankiales","p__Actinobacteriota","k__Bacteria"
"ASV_8810",TRUE,"g__Candidatus Planktophila","f__Sporichthyaceae","o__Frankiales","p__Actinobacteriota","k__Bacteria"
"ASV_8823",TRUE,"g__","f__Sporichthyaceae","o__Frankiales","p__Actinobacteriota","k__Bacteria"
"ASV_8837",TRUE,"g__hgcI clade","f__Sporichthyaceae","o__Frankiales","p__Actinobacteriota","k__Bacteria"
"ASV_8861",TRUE,"g__","f__","o__","p__Patescibacteria","k__Bacteria"
"ASV_8865",TRUE,"g__","f__","o__","p__Patescibacteria","k__Bacteria"
"ASV_8873",TRUE,"g__","f__","o__","p__Patescibacteria","k__Bacteria"
"ASV_8886",TRUE,"g__","f__","o__","p__Patescibacteria","k__Bacteria"
"ASV_8922",TRUE,"g__","f__","o__Candidatus Peregrinibacteria","p__Patescibacteria","k__Bacteria"
"ASV_9240",TRUE,"g__","f__","o__Planctomycetales","p__Planctomycetota","k__Bacteria"
"ASV_9242",TRUE,"g__","f__","o__Planctomycetales","p__Planctomycetota","k__Bacteria"
"ASV_9243",TRUE,"g__","f__","o__Planctomycetales","p__Planctomycetota","k__Bacteria"
"ASV_9256",TRUE,"g__SH-PL14","f__Rubinisphaeraceae","o__Planctomycetales","p__Planctomycetota","k__Bacteria"
"ASV_9296",TRUE,"g__Planctomicrobium","f__Rubinisphaeraceae","o__Planctomycetales","p__Planctomycetota","k__Bacteria"
"ASV_9326",TRUE,"g__","f__env.OPS 17","o__Sphingobacteriales","p__Bacteroidota","k__Bacteria"
"ASV_9336",TRUE,"g__","f__","o__Sphingobacteriales","p__Bacteroidota","k__Bacteria"
"ASV_9340",TRUE,"g__","f__","o__Sphingobacteriales","p__Bacteroidota","k__Bacteria"
"ASV_9353",TRUE,"g__","f__env.OPS 17","o__Sphingobacteriales","p__Bacteroidota","k__Bacteria"
"ASV_9364",TRUE,"g__","f__NS11-12 marine group","o__Sphingobacteriales","p__Bacteroidota","k__Bacteria"
"ASV_9371",TRUE,"g__","f__NS11-12 marine group","o__Sphingobacteriales","p__Bacteroidota","k__Bacteria"
"ASV_9377",TRUE,"g__","f__NS11-12 marine group","o__Sphingobacteriales","p__Bacteroidota","k__Bacteria"
"ASV_9382",TRUE,"g__","f__NS11-12 marine group","o__Sphingobacteriales","p__Bacteroidota","k__Bacteria"
"ASV_9383",TRUE,"g__","f__NS11-12 marine group","o__Sphingobacteriales","p__Bacteroidota","k__Bacteria"
"ASV_9403",TRUE,"g__","f__AKYH767","o__Sphingobacteriales","p__Bacteroidota","k__Bacteria"
"ASV_9476",TRUE,"g__","f__","o__","p__Patescibacteria","k__Bacteria"
"ASV_9662",TRUE,"g__","f__","o__Candidatus Nomurabacteria","p__Patescibacteria","k__Bacteria"
"ASV_9773",TRUE,"g__","f__","o__","p__Patescibacteria","k__Bacteria"
"ASV_9848",TRUE,"g__Candidatus Captivus","f__Paracaedibacteraceae","o__Paracaedibacterales","p__Proteobacteria","k__Bacteria"
"ASV_9873",TRUE,"g__Candidatus Odyssella","f__Paracaedibacteraceae","o__Paracaedibacterales","p__Proteobacteria","k__Bacteria"
"ASV_9981",TRUE,"g__","f__","o__0319-6G20","p__Bdellovibrionota","k__Bacteria"
"ASV_10067",TRUE,"g__","f__","o__Elsterales","p__Proteobacteria","k__Bacteria"
"ASV_10151",TRUE,"g__Bosea","f__Beijerinckiaceae","o__Rhizobiales","p__Proteobacteria","k__Bacteria"
"ASV_10168",TRUE,"g__Methylobacterium-Methylorubrum","f__Beijerinckiaceae","o__Rhizobiales","p__Proteobacteria","k__Bacteria"
"ASV_10189",TRUE,"g__Methylobacterium-Methylorubrum","f__Beijerinckiaceae","o__Rhizobiales","p__Proteobacteria","k__Bacteria"
"ASV_10265",TRUE,"g__","f__Acetobacteraceae","o__Acetobacterales","p__Proteobacteria","k__Bacteria"
"ASV_10329",TRUE,"g__Brevundimonas","f__Caulobacteraceae","o__Caulobacterales","p__Proteobacteria","k__Bacteria"
"ASV_10335",TRUE,"g__Caulobacter","f__Caulobacteraceae","o__Caulobacterales","p__Proteobacteria","k__Bacteria"
"ASV_10373",TRUE,"g__","f__Caulobacteraceae","o__Caulobacterales","p__Proteobacteria","k__Bacteria"
"ASV_10374",TRUE,"g__","f__Caulobacteraceae","o__Caulobacterales","p__Proteobacteria","k__Bacteria"
"ASV_10399",TRUE,"g__Brevundimonas","f__Caulobacteraceae","o__Caulobacterales","p__Proteobacteria","k__Bacteria"
"ASV_10440",TRUE,"g__Phreatobacter","f__","o__Rhizobiales","p__Proteobacteria","k__Bacteria"
"ASV_10453",TRUE,"g__Hyphomicrobium","f__Hyphomicrobiaceae","o__Rhizobiales","p__Proteobacteria","k__Bacteria"
"ASV_10484",TRUE,"g__","f__","o__Rhizobiales","p__Proteobacteria","k__Bacteria"
"ASV_10524",TRUE,"g__","f__SM2D12","o__Rickettsiales","p__Proteobacteria","k__Bacteria"
"ASV_10550",TRUE,"g__","f__Rhizobiaceae","o__Rhizobiales","p__Proteobacteria","k__Bacteria"
"ASV_10572",TRUE,"g__Hyphomonas","f__Hyphomonadaceae","o__Caulobacterales","p__Proteobacteria","k__Bacteria"
"ASV_10589",TRUE,"g__Allorhizobium-Neorhizobium-Pararhizobium-Rhizobium","f__Rhizobiaceae","o__Rhizobiales","p__Proteobacteria","k__Bacteria"
"ASV_10614",TRUE,"g__Allorhizobium-Neorhizobium-Pararhizobium-Rhizobium","f__Rhizobiaceae","o__Rhizobiales","p__Proteobacteria","k__Bacteria"
"ASV_10636",TRUE,"g__Hirschia","f__Hyphomonadaceae","o__Caulobacterales","p__Proteobacteria","k__Bacteria"
"ASV_10643",TRUE,"g__Hyphomicrobium","f__Hyphomicrobiaceae","o__Rhizobiales","p__Proteobacteria","k__Bacteria"
"ASV_10667",TRUE,"g__","f__","o__Rhizobiales","p__Proteobacteria","k__Bacteria"
"ASV_10719",TRUE,"g__","f__Rhodospirillaceae","o__Rhodospirillales","p__Proteobacteria","k__Bacteria"
"ASV_10727",TRUE,"g__","f__A0839","o__Rhizobiales","p__Proteobacteria","k__Bacteria"
"ASV_10781",TRUE,"g__Skermanella","f__Azospirillaceae","o__Azospirillales","p__Proteobacteria","k__Bacteria"
"ASV_10835",TRUE,"g__Devosia","f__Devosiaceae","o__Rhizobiales","p__Proteobacteria","k__Bacteria"
"ASV_10840",TRUE,"g__Devosia","f__Devosiaceae","o__Rhizobiales","p__Proteobacteria","k__Bacteria"
"ASV_10849",TRUE,"g__Mesorhizobium","f__Rhizobiaceae","o__Rhizobiales","p__Proteobacteria","k__Bacteria"
"ASV_10872",TRUE,"g__SWB02","f__Hyphomonadaceae","o__Caulobacterales","p__Proteobacteria","k__Bacteria"
"ASV_10936",TRUE,"g__","f__Vermiphilaceae","o__Babeliales","p__Dependentiae","k__Bacteria"
"ASV_10998",TRUE,"g__Haliangium","f__Haliangiaceae","o__Haliangiales","p__Myxococcota","k__Bacteria"
"ASV_11055",TRUE,"g__Azotobacter","f__Pseudomonadaceae","o__Pseudomonadales","p__Proteobacteria","k__Bacteria"
"ASV_11086",TRUE,"g__Tahibacter","f__Rhodanobacteraceae","o__Xanthomonadales","p__Proteobacteria","k__Bacteria"
"ASV_11133",TRUE,"g__Stenotrophomonas","f__Xanthomonadaceae","o__Xanthomonadales","p__Proteobacteria","k__Bacteria"
"ASV_11168",TRUE,"g__Arenimonas","f__Xanthomonadaceae","o__Xanthomonadales","p__Proteobacteria","k__Bacteria"
"ASV_11198",TRUE,"g__","f__NS9 marine group","o__Flavobacteriales","p__Bacteroidota","k__Bacteria"
"ASV_11207",TRUE,"g__","f__NS9 marine group","o__Flavobacteriales","p__Bacteroidota","k__Bacteria"
"ASV_11256",TRUE,"g__","f__","o__Babeliales","p__Dependentiae","k__Bacteria"
"ASV_11278",TRUE,"g__","f__","o__0319-6G20","p__Bdellovibrionota","k__Bacteria"
"ASV_11351",TRUE,"g__","f__","o__0319-6G20","p__Bdellovibrionota","k__Bacteria"
"ASV_11383",TRUE,"g__Peredibacter","f__Bacteriovoracaceae","o__Bacteriovoracales","p__Bdellovibrionota","k__Bacteria"
"ASV_11389",TRUE,"g__Peredibacter","f__Bacteriovoracaceae","o__Bacteriovoracales","p__Bdellovibrionota","k__Bacteria"
"ASV_11451",TRUE,"g__","f__","o__0319-6G20","p__Bdellovibrionota","k__Bacteria"
"ASV_11470",TRUE,"g__","f__Bacteriovoracaceae","o__Bacteriovoracales","p__Bdellovibrionota","k__Bacteria"
"ASV_11490",TRUE,"g__Bacteriovorax","f__Bacteriovoracaceae","o__Bacteriovoracales","p__Bdellovibrionota","k__Bacteria"
"ASV_11500",TRUE,"g__Bacteriovorax","f__Bacteriovoracaceae","o__Bacteriovoracales","p__Bdellovibrionota","k__Bacteria"
"ASV_11548",TRUE,"g__","f__","o__Babeliales","p__Dependentiae","k__Bacteria"
"ASV_11614",TRUE,"g__","f__SM2D12","o__Rickettsiales","p__Proteobacteria","k__Bacteria"
"ASV_11648",TRUE,"g__","f__Paracaedibacteraceae","o__Paracaedibacterales","p__Proteobacteria","k__Bacteria"
"ASV_11754",TRUE,"g__Luteolibacter","f__Rubritaleaceae","o__Verrucomicrobiales","p__Verrucomicrobiota","k__Bacteria"
"ASV_11781",TRUE,"g__","f__AKYH767","o__Sphingobacteriales","p__Bacteroidota","k__Bacteria"
"ASV_11790",TRUE,"g__Luteolibacter","f__Rubritaleaceae","o__Verrucomicrobiales","p__Verrucomicrobiota","k__Bacteria"
"ASV_11823",TRUE,"g__","f__","o__","p__Patescibacteria","k__Bacteria"
"ASV_11852",TRUE,"g__","f__","o__","p__Elusimicrobiota","k__Bacteria"
"ASV_11863",TRUE,"g__","f__","o__","p__Elusimicrobiota","k__Bacteria"
"ASV_11871",TRUE,"g__","f__","o__","p__Elusimicrobiota","k__Bacteria"
"ASV_11916",TRUE,"g__Nitrospira","f__Nitrospiraceae","o__Nitrospirales","p__Nitrospirota","k__Bacteria"
"ASV_11917",TRUE,"g__Nitrospira","f__Nitrospiraceae","o__Nitrospirales","p__Nitrospirota","k__Bacteria"
"ASV_11942",TRUE,"g__","f__","o__Rhodospirillales","p__Proteobacteria","k__Bacteria"
"ASV_11953",TRUE,"g__","f__","o__Rhodospirillales","p__Proteobacteria","k__Bacteria"
"ASV_11971",TRUE,"g__","f__","o__","p__Proteobacteria","k__Bacteria"
"ASV_11972",TRUE,"g__Candidatus Omnitrophus","f__Omnitrophaceae","o__Omnitrophales","p__Verrucomicrobiota","k__Bacteria"
"ASV_12025",TRUE,"g__","f__","o__Micavibrionales","p__Proteobacteria","k__Bacteria"
"ASV_12030",TRUE,"g__","f__","o__Micavibrionales","p__Proteobacteria","k__Bacteria"
"ASV_12066",TRUE,"g__","f__","o__Candidatus Nomurabacteria","p__Patescibacteria","k__Bacteria"
"ASV_12067",TRUE,"g__","f__","o__","p__Patescibacteria","k__Bacteria"
"ASV_12096",TRUE,"g__","f__","o__Candidatus Nomurabacteria","p__Patescibacteria","k__Bacteria"
"ASV_12115",TRUE,"g__","f__","o__Candidatus Campbellbacteria","p__Patescibacteria","k__Bacteria"
"ASV_12148",TRUE,"g__","f__","o__Candidatus Nomurabacteria","p__Patescibacteria","k__Bacteria"
"ASV_12170",TRUE,"g__","f__","o__Candidatus Nomurabacteria","p__Patescibacteria","k__Bacteria"
"ASV_12301",TRUE,"g__","f__","o__Candidatus Campbellbacteria","p__Patescibacteria","k__Bacteria"
"ASV_12315",TRUE,"g__","f__","o__Candidatus Nomurabacteria","p__Patescibacteria","k__Bacteria"
"ASV_12331",TRUE,"g__","f__","o__Candidatus Nomurabacteria","p__Patescibacteria","k__Bacteria"
"ASV_12339",TRUE,"g__","f__","o__Candidatus Nomurabacteria","p__Patescibacteria","k__Bacteria"
"ASV_12376",TRUE,"g__","f__","o__Candidatus Nomurabacteria","p__Patescibacteria","k__Bacteria"
"ASV_12399",TRUE,"g__","f__","o__Candidatus Nomurabacteria","p__Patescibacteria","k__Bacteria"
"ASV_12418",TRUE,"g__","f__","o__Candidatus Nomurabacteria","p__Patescibacteria","k__Bacteria"
"ASV_12610",TRUE,"g__","f__","o__Candidatus Nomurabacteria","p__Patescibacteria","k__Bacteria"
"ASV_12638",TRUE,"g__","f__","o__","p__Patescibacteria","k__Bacteria"
"ASV_12665",TRUE,"g__","f__","o__","p__Patescibacteria","k__Bacteria"
"ASV_12671",TRUE,"g__","f__","o__Candidatus Nomurabacteria","p__Patescibacteria","k__Bacteria"
"ASV_12792",TRUE,"g__","f__","o__Candidatus Woesebacteria","p__Patescibacteria","k__Bacteria"
"ASV_12873",TRUE,"g__","f__","o__Candidatus Yanofskybacteria","p__Patescibacteria","k__Bacteria"
"ASV_13061",TRUE,"g__","f__","o__Candidatus Yanofskybacteria","p__Patescibacteria","k__Bacteria"
"ASV_13121",TRUE,"g__","f__","o__Candidatus Falkowbacteria","p__Patescibacteria","k__Bacteria"
"ASV_13206",TRUE,"g__","f__","o__","p__Patescibacteria","k__Bacteria"
"ASV_13213",TRUE,"g__","f__","o__Candidatus Kaiserbacteria","p__Patescibacteria","k__Bacteria"
"ASV_13291",TRUE,"g__possible genus 04","f__Fibrobacteraceae","o__Fibrobacterales","p__Fibrobacterota","k__Bacteria"
"ASV_13380",TRUE,"g__Bdellovibrio","f__Bdellovibrionaceae","o__Bdellovibrionales","p__Bdellovibrionota","k__Bacteria"
"ASV_13388",TRUE,"g__Bdellovibrio","f__Bdellovibrionaceae","o__Bdellovibrionales","p__Bdellovibrionota","k__Bacteria"
"ASV_13392",TRUE,"g__Bdellovibrio","f__Bdellovibrionaceae","o__Bdellovibrionales","p__Bdellovibrionota","k__Bacteria"
"ASV_13480",TRUE,"g__","f__Vermiphilaceae","o__Babeliales","p__Dependentiae","k__Bacteria"
"ASV_13739",TRUE,"g__","f__","o__Candidatus Nomurabacteria","p__Patescibacteria","k__Bacteria"
"ASV_13831",TRUE,"g__","f__","o__Candidatus Zambryskibacteria","p__Patescibacteria","k__Bacteria"
"ASV_13887",TRUE,"g__","f__","o__Candidatus Azambacteria","p__Patescibacteria","k__Bacteria"
"ASV_13983",TRUE,"g__","f__","o__","p__Patescibacteria","k__Bacteria"
"ASV_14154",TRUE,"g__","f__","o__Candidatus Zambryskibacteria","p__Patescibacteria","k__Bacteria"
"ASV_14193",TRUE,"g__","f__","o__Candidatus Nomurabacteria","p__Patescibacteria","k__Bacteria"
"ASV_14209",TRUE,"g__","f__","o__Candidatus Nomurabacteria","p__Patescibacteria","k__Bacteria"
"ASV_14239",TRUE,"g__","f__","o__Candidatus Campbellbacteria","p__Patescibacteria","k__Bacteria"
"ASV_14375",TRUE,"g__","f__","o__","p__Patescibacteria","k__Bacteria"
"ASV_14400",TRUE,"g__","f__","o__","p__Patescibacteria","k__Bacteria"
"ASV_14436",TRUE,"g__","f__","o__Candidatus Nomurabacteria","p__Patescibacteria","k__Bacteria"
"ASV_14472",TRUE,"g__","f__","o__","p__Patescibacteria","k__Bacteria"
"ASV_14485",TRUE,"g__","f__","o__","p__Patescibacteria","k__Bacteria"
"ASV_14646",TRUE,"g__","f__","o__Candidatus Zambryskibacteria","p__Patescibacteria","k__Bacteria"
"ASV_14688",TRUE,"g__","f__","o__Candidatus Zambryskibacteria","p__Patescibacteria","k__Bacteria"
"ASV_14761",TRUE,"g__","f__","o__Candidatus Zambryskibacteria","p__Patescibacteria","k__Bacteria"
"ASV_14768",TRUE,"g__","f__","o__Candidatus Zambryskibacteria","p__Patescibacteria","k__Bacteria"
"ASV_14792",TRUE,"g__","f__","o__Candidatus Zambryskibacteria","p__Patescibacteria","k__Bacteria"
"ASV_14827",TRUE,"g__","f__","o__Candidatus Zambryskibacteria","p__Patescibacteria","k__Bacteria"
"ASV_14989",TRUE,"g__","f__","o__Candidatus Nomurabacteria","p__Patescibacteria","k__Bacteria"
"ASV_15049",TRUE,"g__","f__","o__Candidatus Zambryskibacteria","p__Patescibacteria","k__Bacteria"
"ASV_15154",TRUE,"g__","f__","o__Candidatus Zambryskibacteria","p__Patescibacteria","k__Bacteria"
"ASV_15183",TRUE,"g__","f__","o__Candidatus Falkowbacteria","p__Patescibacteria","k__Bacteria"
"ASV_15191",TRUE,"g__","f__","o__Candidatus Zambryskibacteria","p__Patescibacteria","k__Bacteria"
"ASV_15333",TRUE,"g__","f__","o__","p__Patescibacteria","k__Bacteria"
"ASV_15415",TRUE,"g__","f__","o__","p__Patescibacteria","k__Bacteria"
"ASV_15423",TRUE,"g__","f__","o__","p__Patescibacteria","k__Bacteria"
"ASV_15431",TRUE,"g__","f__","o__","p__Patescibacteria","k__Bacteria"
"ASV_15441",TRUE,"g__","f__","o__","p__Patescibacteria","k__Bacteria"
"ASV_15552",TRUE,"g__","f__","o__","p__Patescibacteria","k__Bacteria"
"ASV_15554",TRUE,"g__","f__","o__","p__Patescibacteria","k__Bacteria"
"ASV_15569",TRUE,"g__","f__","o__","p__Patescibacteria","k__Bacteria"
"ASV_15608",TRUE,"g__","f__","o__","p__Patescibacteria","k__Bacteria"
"ASV_15790",TRUE,"g__","f__","o__","p__Patescibacteria","k__Bacteria"
"ASV_15800",TRUE,"g__","f__","o__","p__Patescibacteria","k__Bacteria"
"ASV_15807",TRUE,"g__","f__","o__","p__Patescibacteria","k__Bacteria"
"ASV_15825",TRUE,"g__","f__","o__","p__Patescibacteria","k__Bacteria"
"ASV_15858",TRUE,"g__","f__","o__","p__Patescibacteria","k__Bacteria"
"ASV_15875",TRUE,"g__","f__","o__Candidatus Nomurabacteria","p__Patescibacteria","k__Bacteria"
"ASV_15888",TRUE,"g__","f__","o__","p__Patescibacteria","k__Bacteria"
"ASV_15955",TRUE,"g__","f__","o__","p__Patescibacteria","k__Bacteria"
"ASV_16070",TRUE,"g__","f__","o__","p__Patescibacteria","k__Bacteria"
"ASV_16075",TRUE,"g__","f__","o__","p__Patescibacteria","k__Bacteria"
"ASV_16166",TRUE,"g__","f__","o__","p__Patescibacteria","k__Bacteria"
"ASV_16383",TRUE,"g__","f__","o__","p__Patescibacteria","k__Bacteria"
"ASV_16488",TRUE,"g__","f__","o__","p__Patescibacteria","k__Bacteria"
"ASV_16630",TRUE,"g__","f__","o__Candidatus Nomurabacteria","p__Patescibacteria","k__Bacteria"
"ASV_16632",TRUE,"g__","f__","o__Candidatus Nomurabacteria","p__Patescibacteria","k__Bacteria"
"ASV_16694",TRUE,"g__","f__","o__Candidatus Nomurabacteria","p__Patescibacteria","k__Bacteria"
"ASV_16782",TRUE,"g__","f__","o__","p__Patescibacteria","k__Bacteria"
"ASV_16825",TRUE,"g__","f__","o__Candidatus Nomurabacteria","p__Patescibacteria","k__Bacteria"
"ASV_16847",TRUE,"g__","f__","o__Candidatus Nomurabacteria","p__Patescibacteria","k__Bacteria"
"ASV_16852",TRUE,"g__","f__","o__","p__Patescibacteria","k__Bacteria"
"ASV_16862",TRUE,"g__","f__","o__Candidatus Nomurabacteria","p__Patescibacteria","k__Bacteria"
"ASV_16872",TRUE,"g__","f__","o__Candidatus Nomurabacteria","p__Patescibacteria","k__Bacteria"
"ASV_16875",TRUE,"g__","f__","o__Candidatus Nomurabacteria","p__Patescibacteria","k__Bacteria"
"ASV_17527",TRUE,"g__","f__Simkaniaceae","o__Chlamydiales","p__Verrucomicrobiota","k__Bacteria"
"ASV_17690",TRUE,"g__","f__LiUU-11-161","o__Sphingobacteriales","p__Bacteroidota","k__Bacteria"
"ASV_17691",TRUE,"g__","f__LiUU-11-161","o__Sphingobacteriales","p__Bacteroidota","k__Bacteria"
"ASV_17692",TRUE,"g__Acetobacteroides","f__Williamwhitmaniaceae","o__Bacteroidales","p__Bacteroidota","k__Bacteria"
"ASV_17696",TRUE,"g__Acetobacteroides","f__Williamwhitmaniaceae","o__Bacteroidales","p__Bacteroidota","k__Bacteria"
"ASV_17787",TRUE,"g__Flavobacterium","f__Flavobacteriaceae","o__Flavobacteriales","p__Bacteroidota","k__Bacteria"
"ASV_17825",TRUE,"g__Flavobacterium","f__Flavobacteriaceae","o__Flavobacteriales","p__Bacteroidota","k__Bacteria"
"ASV_17836",TRUE,"g__Flavobacterium","f__Flavobacteriaceae","o__Flavobacteriales","p__Bacteroidota","k__Bacteria"
"ASV_17837",TRUE,"g__Flavobacterium","f__Flavobacteriaceae","o__Flavobacteriales","p__Bacteroidota","k__Bacteria"
"ASV_17855",TRUE,"g__Flavobacterium","f__Flavobacteriaceae","o__Flavobacteriales","p__Bacteroidota","k__Bacteria"
"ASV_17919",TRUE,"g__Flavobacterium","f__Flavobacteriaceae","o__Flavobacteriales","p__Bacteroidota","k__Bacteria"
"ASV_17925",TRUE,"g__Flavobacterium","f__Flavobacteriaceae","o__Flavobacteriales","p__Bacteroidota","k__Bacteria"
"ASV_17934",TRUE,"g__Flavobacterium","f__Flavobacteriaceae","o__Flavobacteriales","p__Bacteroidota","k__Bacteria"
"ASV_18007",TRUE,"g__","f__","o__Saccharimonadales","p__Patescibacteria","k__Bacteria"
"ASV_18106",TRUE,"g__","f__","o__Saccharimonadales","p__Patescibacteria","k__Bacteria"
"ASV_18249",TRUE,"g__","f__LWQ8","o__Saccharimonadales","p__Patescibacteria","k__Bacteria"
"ASV_18329",TRUE,"g__","f__LiUU-11-161","o__Sphingobacteriales","p__Bacteroidota","k__Bacteria"
"ASV_18351",TRUE,"g__","f__KD3-93","o__Sphingobacteriales","p__Bacteroidota","k__Bacteria"
"ASV_18374",TRUE,"g__","f__","o__Saccharimonadales","p__Patescibacteria","k__Bacteria"
"ASV_18440",TRUE,"g__Paludibacter","f__Paludibacteraceae","o__Bacteroidales","p__Bacteroidota","k__Bacteria"
"ASV_18473",TRUE,"g__Pedobacter","f__Sphingobacteriaceae","o__Sphingobacteriales","p__Bacteroidota","k__Bacteria"
"ASV_18480",TRUE,"g__Pedobacter","f__Sphingobacteriaceae","o__Sphingobacteriales","p__Bacteroidota","k__Bacteria"
"ASV_18507",TRUE,"g__Pedobacter","f__Sphingobacteriaceae","o__Sphingobacteriales","p__Bacteroidota","k__Bacteria"
"ASV_18522",TRUE,"g__Pedobacter","f__Sphingobacteriaceae","o__Sphingobacteriales","p__Bacteroidota","k__Bacteria"
"ASV_18528",TRUE,"g__Pedobacter","f__Sphingobacteriaceae","o__Sphingobacteriales","p__Bacteroidota","k__Bacteria"
"ASV_18544",TRUE,"g__","f__Sphingobacteriaceae","o__Sphingobacteriales","p__Bacteroidota","k__Bacteria"
"ASV_18561",TRUE,"g__Pedobacter","f__Sphingobacteriaceae","o__Sphingobacteriales","p__Bacteroidota","k__Bacteria"
"ASV_18593",TRUE,"g__","f__Dysgonomonadaceae","o__Bacteroidales","p__Bacteroidota","k__Bacteria"
"ASV_18615",TRUE,"g__[Cytophaga] xylanolytica group","f__Marinilabiliaceae","o__Bacteroidales","p__Bacteroidota","k__Bacteria"
"ASV_18665",TRUE,"g__","f__NS11-12 marine group","o__Sphingobacteriales","p__Bacteroidota","k__Bacteria"
"ASV_18698",TRUE,"g__Williamwhitmania","f__Williamwhitmaniaceae","o__Bacteroidales","p__Bacteroidota","k__Bacteria"
"ASV_18753",TRUE,"g__Paludibacter","f__Paludibacteraceae","o__Bacteroidales","p__Bacteroidota","k__Bacteria"
"ASV_18760",TRUE,"g__Paludibacter","f__Paludibacteraceae","o__Bacteroidales","p__Bacteroidota","k__Bacteria"
"ASV_18768",TRUE,"g__Paludibacter","f__Paludibacteraceae","o__Bacteroidales","p__Bacteroidota","k__Bacteria"
"ASV_18793",TRUE,"g__Sphingobacterium","f__Sphingobacteriaceae","o__Sphingobacteriales","p__Bacteroidota","k__Bacteria"
"ASV_18851",TRUE,"g__Flavobacterium","f__Flavobacteriaceae","o__Flavobacteriales","p__Bacteroidota","k__Bacteria"
"ASV_18858",TRUE,"g__Flavobacterium","f__Flavobacteriaceae","o__Flavobacteriales","p__Bacteroidota","k__Bacteria"
"ASV_18910",TRUE,"g__","f__","o__Bacteroidetes VC2.1 Bac22","p__Bacteroidota","k__Bacteria"
"ASV_18919",TRUE,"g__WCHB1-32","f__Prolixibacteraceae","o__Bacteroidales","p__Bacteroidota","k__Bacteria"
"ASV_18960",TRUE,"g__","f__NS11-12 marine group","o__Sphingobacteriales","p__Bacteroidota","k__Bacteria"
"ASV_19053",TRUE,"g__","f__","o__Bacteroidales","p__Bacteroidota","k__Bacteria"
"ASV_19064",TRUE,"g__WCHB1-32","f__Prolixibacteraceae","o__Bacteroidales","p__Bacteroidota","k__Bacteria"
"ASV_19140",TRUE,"g__Porphyromonas","f__Porphyromonadaceae","o__Bacteroidales","p__Bacteroidota","k__Bacteria"
"ASV_19212",TRUE,"g__","f__","o__","p__Bacteroidota","k__Bacteria"
"ASV_19369",TRUE,"g__Novosphingobium","f__Sphingomonadaceae","o__Sphingomonadales","p__Proteobacteria","k__Bacteria"
"ASV_19374",TRUE,"g__Sphingorhabdus","f__Sphingomonadaceae","o__Sphingomonadales","p__Proteobacteria","k__Bacteria"
"ASV_19379",TRUE,"g__Novosphingobium","f__Sphingomonadaceae","o__Sphingomonadales","p__Proteobacteria","k__Bacteria"
"ASV_19398",TRUE,"g__Sphingobium","f__Sphingomonadaceae","o__Sphingomonadales","p__Proteobacteria","k__Bacteria"
"ASV_19462",TRUE,"g__Novosphingobium","f__Sphingomonadaceae","o__Sphingomonadales","p__Proteobacteria","k__Bacteria"
"ASV_19468",TRUE,"g__Rhizorhapis","f__Sphingomonadaceae","o__Sphingomonadales","p__Proteobacteria","k__Bacteria"
"ASV_19532",TRUE,"g__Desulfovibrio","f__Desulfovibrionaceae","o__Desulfovibrionales","p__Desulfobacterota","k__Bacteria"
"ASV_19607",TRUE,"g__Tabrizicola","f__Rhodobacteraceae","o__Rhodobacterales","p__Proteobacteria","k__Bacteria"
"ASV_19628",TRUE,"g__Rhodobacter","f__Rhodobacteraceae","o__Rhodobacterales","p__Proteobacteria","k__Bacteria"
"ASV_19691",TRUE,"g__","f__SM2D12","o__Rickettsiales","p__Proteobacteria","k__Bacteria"
"ASV_19762",TRUE,"g__Rhizorhapis","f__Sphingomonadaceae","o__Sphingomonadales","p__Proteobacteria","k__Bacteria"
"ASV_19797",TRUE,"g__Sphingomonas","f__Sphingomonadaceae","o__Sphingomonadales","p__Proteobacteria","k__Bacteria"
"ASV_19799",TRUE,"g__Sphingomonas","f__Sphingomonadaceae","o__Sphingomonadales","p__Proteobacteria","k__Bacteria"
"ASV_19861",TRUE,"g__Polymorphobacter","f__Sphingomonadaceae","o__Sphingomonadales","p__Proteobacteria","k__Bacteria"
"ASV_19948",TRUE,"g__","f__Cyclobacteriaceae","o__Cytophagales","p__Bacteroidota","k__Bacteria"
"ASV_20090",TRUE,"g__","f__Simkaniaceae","o__Chlamydiales","p__Verrucomicrobiota","k__Bacteria"
"ASV_20094",TRUE,"g__","f__Simkaniaceae","o__Chlamydiales","p__Verrucomicrobiota","k__Bacteria"
"ASV_20437",TRUE,"g__Cellvibrio","f__Cellvibrionaceae","o__Pseudomonadales","p__Proteobacteria","k__Bacteria"
"ASV_20536",TRUE,"g__Legionella","f__Legionellaceae","o__Legionellales","p__Proteobacteria","k__Bacteria"
"ASV_20593",TRUE,"g__","f__Parachlamydiaceae","o__Chlamydiales","p__Verrucomicrobiota","k__Bacteria"
"ASV_20703",TRUE,"g__Sulfurospirillum","f__Sulfurospirillaceae","o__Campylobacterales","p__Campylobacterota","k__Bacteria"
"ASV_20706",TRUE,"g__Sulfurospirillum","f__Sulfurospirillaceae","o__Campylobacterales","p__Campylobacterota","k__Bacteria"
"ASV_20709",TRUE,"g__Sulfurospirillum","f__Sulfurospirillaceae","o__Campylobacterales","p__Campylobacterota","k__Bacteria"
"ASV_20714",TRUE,"g__Sulfuricurvum","f__Sulfurimonadaceae","o__Campylobacterales","p__Campylobacterota","k__Bacteria"
"ASV_20733",TRUE,"g__","f__","o__","p__SAR324 clade(Marine group B)","k__Bacteria"
"ASV_20752",TRUE,"g__Truepera","f__Trueperaceae","o__Deinococcales","p__Deinococcota","k__Bacteria"
"ASV_20771",TRUE,"g__","f__Saprospiraceae","o__Chitinophagales","p__Bacteroidota","k__Bacteria"
"ASV_20799",TRUE,"g__","f__Saprospiraceae","o__Chitinophagales","p__Bacteroidota","k__Bacteria"
"ASV_20826",TRUE,"g__","f__Saprospiraceae","o__Chitinophagales","p__Bacteroidota","k__Bacteria"
"ASV_20839",TRUE,"g__","f__Saprospiraceae","o__Chitinophagales","p__Bacteroidota","k__Bacteria"
"ASV_20846",TRUE,"g__","f__Saprospiraceae","o__Chitinophagales","p__Bacteroidota","k__Bacteria"
"ASV_20865",TRUE,"g__Fluviicola","f__Crocinitomicaceae","o__Flavobacteriales","p__Bacteroidota","k__Bacteria"
"ASV_20870",TRUE,"g__Fluviicola","f__Crocinitomicaceae","o__Flavobacteriales","p__Bacteroidota","k__Bacteria"
"ASV_20873",TRUE,"g__Fluviicola","f__Crocinitomicaceae","o__Flavobacteriales","p__Bacteroidota","k__Bacteria"
"ASV_20883",TRUE,"g__Fluviicola","f__Crocinitomicaceae","o__Flavobacteriales","p__Bacteroidota","k__Bacteria"
"ASV_20884",TRUE,"g__Fluviicola","f__Crocinitomicaceae","o__Flavobacteriales","p__Bacteroidota","k__Bacteria"
"ASV_20911",TRUE,"g__","f__Saprospiraceae","o__Chitinophagales","p__Bacteroidota","k__Bacteria"
"ASV_20912",TRUE,"g__","f__Saprospiraceae","o__Chitinophagales","p__Bacteroidota","k__Bacteria"
"ASV_20940",TRUE,"g__","f__Chitinophagaceae","o__Chitinophagales","p__Bacteroidota","k__Bacteria"
"ASV_20945",TRUE,"g__Chitinophaga","f__Chitinophagaceae","o__Chitinophagales","p__Bacteroidota","k__Bacteria"
"ASV_20953",TRUE,"g__Chitinophaga","f__Chitinophagaceae","o__Chitinophagales","p__Bacteroidota","k__Bacteria"
"ASV_20970",TRUE,"g__","f__Chitinophagaceae","o__Chitinophagales","p__Bacteroidota","k__Bacteria"
"ASV_20983",TRUE,"g__Sediminibacterium","f__Chitinophagaceae","o__Chitinophagales","p__Bacteroidota","k__Bacteria"
"ASV_20985",TRUE,"g__Sediminibacterium","f__Chitinophagaceae","o__Chitinophagales","p__Bacteroidota","k__Bacteria"
"ASV_21020",TRUE,"g__Sediminibacterium","f__Chitinophagaceae","o__Chitinophagales","p__Bacteroidota","k__Bacteria"
"ASV_21028",TRUE,"g__Sediminibacterium","f__Chitinophagaceae","o__Chitinophagales","p__Bacteroidota","k__Bacteria"
"ASV_21040",TRUE,"g__","f__","o__Chitinophagales","p__Bacteroidota","k__Bacteria"
"ASV_21045",TRUE,"g__Sediminibacterium","f__Chitinophagaceae","o__Chitinophagales","p__Bacteroidota","k__Bacteria"
"ASV_21047",TRUE,"g__Chitinophaga","f__Chitinophagaceae","o__Chitinophagales","p__Bacteroidota","k__Bacteria"
"ASV_21068",TRUE,"g__","f__37-13","o__Chitinophagales","p__Bacteroidota","k__Bacteria"
"ASV_21074",TRUE,"g__","f__37-13","o__Chitinophagales","p__Bacteroidota","k__Bacteria"
"ASV_21095",TRUE,"g__Puia","f__Chitinophagaceae","o__Chitinophagales","p__Bacteroidota","k__Bacteria"
"ASV_21107",TRUE,"g__Pseudoflavitalea","f__Chitinophagaceae","o__Chitinophagales","p__Bacteroidota","k__Bacteria"
"ASV_21137",TRUE,"g__Terrimonas","f__Chitinophagaceae","o__Chitinophagales","p__Bacteroidota","k__Bacteria"
"ASV_21187",TRUE,"g__","f__","o__","p__Bacteroidota","k__Bacteria"
"ASV_21198",TRUE,"g__","f__","o__","p__Bacteroidota","k__Bacteria"
"ASV_21199",TRUE,"g__","f__","o__","p__Bacteroidota","k__Bacteria"
"ASV_21217",TRUE,"g__","f__","o__Chitinophagales","p__Bacteroidota","k__Bacteria"
"ASV_21233",TRUE,"g__","f__","o__Chitinophagales","p__Bacteroidota","k__Bacteria"
"ASV_21240",TRUE,"g__","f__Chitinophagaceae","o__Chitinophagales","p__Bacteroidota","k__Bacteria"
"ASV_21315",TRUE,"g__Edaphobaculum","f__Chitinophagaceae","o__Chitinophagales","p__Bacteroidota","k__Bacteria"
"ASV_21326",TRUE,"g__Edaphobaculum","f__Chitinophagaceae","o__Chitinophagales","p__Bacteroidota","k__Bacteria"
"ASV_21356",TRUE,"g__Chryseobacterium","f__Weeksellaceae","o__Flavobacteriales","p__Bacteroidota","k__Bacteria"
"ASV_21377",TRUE,"g__Elizabethkingia","f__Weeksellaceae","o__Flavobacteriales","p__Bacteroidota","k__Bacteria"
"ASV_21381",TRUE,"g__Bergeyella","f__Weeksellaceae","o__Flavobacteriales","p__Bacteroidota","k__Bacteria"
"ASV_21388",TRUE,"g__Cloacibacterium","f__Weeksellaceae","o__Flavobacteriales","p__Bacteroidota","k__Bacteria"
"ASV_21396",TRUE,"g__Chryseobacterium","f__Weeksellaceae","o__Flavobacteriales","p__Bacteroidota","k__Bacteria"
"ASV_21408",TRUE,"g__Chryseobacterium","f__Weeksellaceae","o__Flavobacteriales","p__Bacteroidota","k__Bacteria"
"ASV_21454",TRUE,"g__","f__NS9 marine group","o__Flavobacteriales","p__Bacteroidota","k__Bacteria"
"ASV_21456",TRUE,"g__Chryseobacterium","f__Weeksellaceae","o__Flavobacteriales","p__Bacteroidota","k__Bacteria"
"ASV_21474",TRUE,"g__Soonwooa","f__Weeksellaceae","o__Flavobacteriales","p__Bacteroidota","k__Bacteria"
"ASV_21536",TRUE,"g__","f__","o__","p__","k__Bacteria"
"ASV_21651",TRUE,"g__Pseudarcicella","f__Spirosomaceae","o__Cytophagales","p__Bacteroidota","k__Bacteria"
"ASV_21678",TRUE,"g__Cytophaga","f__Cytophagaceae","o__Cytophagales","p__Bacteroidota","k__Bacteria"
"ASV_21694",TRUE,"g__Algoriphagus","f__Cyclobacteriaceae","o__Cytophagales","p__Bacteroidota","k__Bacteria"
"ASV_21727",TRUE,"g__Arcicella","f__Spirosomaceae","o__Cytophagales","p__Bacteroidota","k__Bacteria"
"ASV_21728",TRUE,"g__Flectobacillus","f__Spirosomaceae","o__Cytophagales","p__Bacteroidota","k__Bacteria"
"ASV_21776",TRUE,"g__","f__","o__","p__SAR324 clade(Marine group B)","k__Bacteria"
"ASV_21811",TRUE,"g__","f__","o__","p__SAR324 clade(Marine group B)","k__Bacteria"
"ASV_21816",TRUE,"g__","f__","o__0319-6G20","p__Bdellovibrionota","k__Bacteria"
"ASV_21829",TRUE,"g__","f__","o__0319-6G20","p__Bdellovibrionota","k__Bacteria"
"ASV_21830",TRUE,"g__","f__","o__0319-6G20","p__Bdellovibrionota","k__Bacteria"
"ASV_21841",TRUE,"g__","f__","o__","p__NB1-j","k__Bacteria"
"ASV_22045",TRUE,"g__OM60(NOR5) clade","f__Halieaceae","o__Pseudomonadales","p__Proteobacteria","k__Bacteria"
"ASV_22086",TRUE,"g__Legionella","f__Legionellaceae","o__Legionellales","p__Proteobacteria","k__Bacteria"
"ASV_22281",TRUE,"g__Flectobacillus","f__Spirosomaceae","o__Cytophagales","p__Bacteroidota","k__Bacteria"
"ASV_22323",TRUE,"g__","f__","o__","p__MBNT15","k__Bacteria"
"ASV_22348",TRUE,"g__","f__Oligoflexaceae","o__Oligoflexales","p__Bdellovibrionota","k__Bacteria"
"ASV_22368",TRUE,"g__","f__","o__Saccharimonadales","p__Patescibacteria","k__Bacteria"
"ASV_22561",TRUE,"g__","f__SB-5","o__Bacteroidales","p__Bacteroidota","k__Bacteria"
"ASV_22564",TRUE,"g__","f__SB-5","o__Bacteroidales","p__Bacteroidota","k__Bacteria"
"ASV_22566",TRUE,"g__","f__Paludibacteraceae","o__Bacteroidales","p__Bacteroidota","k__Bacteria"
"ASV_22699",TRUE,"g__","f__","o__Saccharimonadales","p__Patescibacteria","k__Bacteria"
"ASV_22769",TRUE,"g__RB41","f__Pyrinomonadaceae","o__Pyrinomonadales","p__Acidobacteriota","k__Bacteria"
"ASV_22820",TRUE,"g__","f__","o__Nov-24","p__Acidobacteriota","k__Bacteria"
"ASV_22830",TRUE,"g__","f__","o__Nov-24","p__Acidobacteriota","k__Bacteria"
"ASV_22876",TRUE,"g__","f__","o__Vicinamibacterales","p__Acidobacteriota","k__Bacteria"
"ASV_22941",TRUE,"g__","f__","o__Campylobacterales","p__Campylobacterota","k__Bacteria"
"ASV_22947",TRUE,"g__","f__","o__Campylobacterales","p__Campylobacterota","k__Bacteria"
"ASV_22948",TRUE,"g__","f__","o__Campylobacterales","p__Campylobacterota","k__Bacteria"
"ASV_23028",TRUE,"g__","f__LWQ8","o__Saccharimonadales","p__Patescibacteria","k__Bacteria"
"ASV_23384",TRUE,"g__","f__","o__","p__Patescibacteria","k__Bacteria"
"ASV_23484",TRUE,"g__","f__","o__Saccharimonadales","p__Patescibacteria","k__Bacteria"
"ASV_23496",TRUE,"g__","f__LWQ8","o__Saccharimonadales","p__Patescibacteria","k__Bacteria"
"ASV_23555",TRUE,"g__","f__","o__Saccharimonadales","p__Patescibacteria","k__Bacteria"
"ASV_23558",TRUE,"g__","f__","o__Saccharimonadales","p__Patescibacteria","k__Bacteria"
"ASV_23626",TRUE,"g__TM7a","f__Saccharimonadaceae","o__Saccharimonadales","p__Patescibacteria","k__Bacteria"
"ASV_23633",TRUE,"g__TM7a","f__Saccharimonadaceae","o__Saccharimonadales","p__Patescibacteria","k__Bacteria"
"ASV_23647",TRUE,"g__TM7a","f__Saccharimonadaceae","o__Saccharimonadales","p__Patescibacteria","k__Bacteria"
"ASV_23739",TRUE,"g__","f__","o__Saccharimonadales","p__Patescibacteria","k__Bacteria"
"ASV_23780",TRUE,"g__","f__","o__Saccharimonadales","p__Patescibacteria","k__Bacteria"
"ASV_23816",TRUE,"g__","f__","o__Saccharimonadales","p__Patescibacteria","k__Bacteria"
"ASV_23887",TRUE,"g__","f__","o__Saccharimonadales","p__Patescibacteria","k__Bacteria"
"ASV_23895",TRUE,"g__","f__BSV26","o__Kryptoniales","p__Bacteroidota","k__Bacteria"
"ASV_23925",TRUE,"g__","f__","o__","p__","k__Bacteria"
"ASV_23927",TRUE,"g__","f__","o__","p__","k__Bacteria"
"ASV_23943",TRUE,"g__","f__","o__Kapabacteriales","p__Bacteroidota","k__Bacteria"
"ASV_23966",TRUE,"g__","f__","o__","p__Proteobacteria","k__Bacteria"
"ASV_23980",TRUE,"g__Bryobacter","f__Bryobacteraceae","o__Bryobacterales","p__Acidobacteriota","k__Bacteria"
"ASV_23991",TRUE,"g__Bryobacter","f__Bryobacteraceae","o__Bryobacterales","p__Acidobacteriota","k__Bacteria"
"ASV_24076",TRUE,"g__","f__","o__","p__Patescibacteria","k__Bacteria"
"ASV_24079",TRUE,"g__","f__","o__","p__","k__Bacteria"
"ASV_24161",TRUE,"g__","f__","o__","p__Patescibacteria","k__Bacteria"
"ASV_24185",TRUE,"g__OLB17","f__Blastocatellaceae","o__Blastocatellales","p__Acidobacteriota","k__Bacteria"
"ASV_24261",TRUE,"g__","f__Microtrichaceae","o__Microtrichales","p__Actinobacteriota","k__Bacteria"
"ASV_24270",TRUE,"g__Stenotrophobacter","f__Blastocatellaceae","o__Blastocatellales","p__Acidobacteriota","k__Bacteria"
"ASV_24419",TRUE,"g__Paenarthrobacter","f__Micrococcaceae","o__Micrococcales","p__Actinobacteriota","k__Bacteria"
"ASV_24433",TRUE,"g__Microbacterium","f__Microbacteriaceae","o__Micrococcales","p__Actinobacteriota","k__Bacteria"
"ASV_24482",TRUE,"g__Actinotalea","f__Cellulomonadaceae","o__Micrococcales","p__Actinobacteriota","k__Bacteria"
"ASV_24672",TRUE,"g__Acidaminobacter","f__Acidaminobacteraceae","o__Peptostreptococcales-Tissierellales","p__Firmicutes","k__Bacteria"
"ASV_24902",TRUE,"g__Fusicatenibacter","f__Lachnospiraceae","o__Lachnospirales","p__Firmicutes","k__Bacteria"
"ASV_24931",TRUE,"g__[Ruminococcus] gnavus group","f__Lachnospiraceae","o__Lachnospirales","p__Firmicutes","k__Bacteria"
"ASV_25022",TRUE,"g__","f__Solirubrobacteraceae","o__Solirubrobacterales","p__Actinobacteriota","k__Bacteria"
"ASV_25150",TRUE,"g__","f__","o__Ignavibacteriales","p__Bacteroidota","k__Bacteria"
"ASV_25219",TRUE,"g__","f__","o__IMCC26256","p__Actinobacteriota","k__Bacteria"
"ASV_25349",TRUE,"g__Armatimonas","f__Armatimonadaceae","o__Armatimonadales","p__Armatimonadota","k__Bacteria"
"ASV_25367",TRUE,"g__IMCC26207","f__Microtrichaceae","o__Microtrichales","p__Actinobacteriota","k__Bacteria"
"ASV_25379",TRUE,"g__","f__","o__M55-D21","p__Firmicutes","k__Bacteria"
"ASV_25635",TRUE,"g__","f__","o__Saccharimonadales","p__Patescibacteria","k__Bacteria"
"ASV_25689",TRUE,"g__","f__","o__Saccharimonadales","p__Patescibacteria","k__Bacteria"
"ASV_25767",TRUE,"g__","f__","o__","p__","k__Bacteria"
"ASV_25773",TRUE,"g__","f__","o__Saccharimonadales","p__Patescibacteria","k__Bacteria"
"ASV_25801",TRUE,"g__","f__","o__Saccharimonadales","p__Patescibacteria","k__Bacteria"
"ASV_25910",TRUE,"g__","f__","o__","p__Patescibacteria","k__Bacteria"
"ASV_25965",TRUE,"g__","f__","o__","p__Patescibacteria","k__Bacteria"
"ASV_26015",TRUE,"g__TM7a","f__Saccharimonadaceae","o__Saccharimonadales","p__Patescibacteria","k__Bacteria"
"ASV_26038",TRUE,"g__TM7a","f__Saccharimonadaceae","o__Saccharimonadales","p__Patescibacteria","k__Bacteria"
"ASV_26052",TRUE,"g__","f__","o__Saccharimonadales","p__Patescibacteria","k__Bacteria"
"ASV_26194",TRUE,"g__","f__Neisseriaceae","o__Burkholderiales","p__Proteobacteria","k__Bacteria"
"ASV_26199",TRUE,"g__","f__Neisseriaceae","o__Burkholderiales","p__Proteobacteria","k__Bacteria"
"ASV_26223",TRUE,"g__Rhizobacter","f__Comamonadaceae","o__Burkholderiales","p__Proteobacteria","k__Bacteria"
"ASV_26227",TRUE,"g__Piscinibacter","f__Comamonadaceae","o__Burkholderiales","p__Proteobacteria","k__Bacteria"
"ASV_26258",TRUE,"g__","f__Comamonadaceae","o__Burkholderiales","p__Proteobacteria","k__Bacteria"
"ASV_26290",TRUE,"g__Limnohabitans","f__Comamonadaceae","o__Burkholderiales","p__Proteobacteria","k__Bacteria"
"ASV_26345",TRUE,"g__Achromobacter","f__Alcaligenaceae","o__Burkholderiales","p__Proteobacteria","k__Bacteria"
"ASV_26425",TRUE,"g__Undibacterium","f__Oxalobacteraceae","o__Burkholderiales","p__Proteobacteria","k__Bacteria"
"ASV_26674",TRUE,"g__","f__","o__Clostridia UCG-014","p__Firmicutes","k__Bacteria"
"ASV_26801",TRUE,"g__Corynebacterium","f__Corynebacteriaceae","o__Corynebacteriales","p__Actinobacteriota","k__Bacteria"
"ASV_26813",TRUE,"g__Rhodococcus","f__Nocardiaceae","o__Corynebacteriales","p__Actinobacteriota","k__Bacteria"
"ASV_26863",TRUE,"g__","f__","o__Frankiales","p__Actinobacteriota","k__Bacteria"
"ASV_26909",TRUE,"g__Candidatus Limnoluna","f__Microbacteriaceae","o__Micrococcales","p__Actinobacteriota","k__Bacteria"
"ASV_26923",TRUE,"g__Rhodoluna","f__Microbacteriaceae","o__Micrococcales","p__Actinobacteriota","k__Bacteria"
"ASV_26929",TRUE,"g__Candidatus Planktoluna","f__Microbacteriaceae","o__Micrococcales","p__Actinobacteriota","k__Bacteria"
"ASV_26934",TRUE,"g__Candidatus Planktoluna","f__Microbacteriaceae","o__Micrococcales","p__Actinobacteriota","k__Bacteria"
"ASV_26942",TRUE,"g__Aurantimicrobium","f__Microbacteriaceae","o__Micrococcales","p__Actinobacteriota","k__Bacteria"
"ASV_26982",TRUE,"g__","f__","o__SM1A07","p__Bacteroidota","k__Bacteria"
"ASV_26997",TRUE,"g__","f__","o__PeM15","p__Actinobacteriota","k__Bacteria"
"ASV_27021",TRUE,"g__","f__","o__","p__Actinobacteriota","k__Bacteria"
"ASV_27172",TRUE,"g__","f__Neisseriaceae","o__Burkholderiales","p__Proteobacteria","k__Bacteria"
"ASV_27316",TRUE,"g__","f__","o__Burkholderiales","p__Proteobacteria","k__Bacteria"
"ASV_27323",TRUE,"g__Methylophilus","f__Methylophilaceae","o__Burkholderiales","p__Proteobacteria","k__Bacteria"
"ASV_27334",TRUE,"g__Aquabacterium","f__Comamonadaceae","o__Burkholderiales","p__Proteobacteria","k__Bacteria"
"ASV_27382",TRUE,"g__Ramlibacter","f__Comamonadaceae","o__Burkholderiales","p__Proteobacteria","k__Bacteria"
"ASV_27388",TRUE,"g__Rhodoferax","f__Comamonadaceae","o__Burkholderiales","p__Proteobacteria","k__Bacteria"
"ASV_27452",TRUE,"g__Methyloversatilis","f__Rhodocyclaceae","o__Burkholderiales","p__Proteobacteria","k__Bacteria"
"ASV_27454",TRUE,"g__Methyloversatilis","f__Rhodocyclaceae","o__Burkholderiales","p__Proteobacteria","k__Bacteria"
"ASV_27488",TRUE,"g__Methylophilus","f__Methylophilaceae","o__Burkholderiales","p__Proteobacteria","k__Bacteria"
"ASV_27492",TRUE,"g__Dechlorobacter","f__Rhodocyclaceae","o__Burkholderiales","p__Proteobacteria","k__Bacteria"
"ASV_27527",TRUE,"g__Denitratisoma","f__Rhodocyclaceae","o__Burkholderiales","p__Proteobacteria","k__Bacteria"
"ASV_27557",TRUE,"g__Methylotenera","f__Methylophilaceae","o__Burkholderiales","p__Proteobacteria","k__Bacteria"
"ASV_27558",TRUE,"g__Candidatus Methylopumilus","f__Methylophilaceae","o__Burkholderiales","p__Proteobacteria","k__Bacteria"
"ASV_27641",TRUE,"g__","f__Neisseriaceae","o__Burkholderiales","p__Proteobacteria","k__Bacteria"
"ASV_27727",TRUE,"g__","f__","o__Candidatus Curtissbacteria","p__Patescibacteria","k__Bacteria"
"ASV_27735",TRUE,"g__Bifidobacterium","f__Bifidobacteriaceae","o__Bifidobacteriales","p__Actinobacteriota","k__Bacteria"
"ASV_27786",TRUE,"g__Corynebacterium","f__Corynebacteriaceae","o__Corynebacteriales","p__Actinobacteriota","k__Bacteria"
"ASV_27862",TRUE,"g__Aestuariimicrobium","f__Propionibacteriaceae","o__Propionibacteriales","p__Actinobacteriota","k__Bacteria"
"ASV_28035",TRUE,"g__","f__","o__","p__","k__Bacteria"
"ASV_28065",TRUE,"g__Facklamia","f__Aerococcaceae","o__Lactobacillales","p__Firmicutes","k__Bacteria"
"ASV_28074",TRUE,"g__","f__","o__Saccharimonadales","p__Patescibacteria","k__Bacteria"
"ASV_28094",TRUE,"g__","f__","o__Saccharimonadales","p__Patescibacteria","k__Bacteria"
"ASV_28102",TRUE,"g__","f__","o__Absconditabacteriales (SR1)","p__Patescibacteria","k__Bacteria"
"ASV_28106",TRUE,"g__","f__","o__Absconditabacteriales (SR1)","p__Patescibacteria","k__Bacteria"
"ASV_28120",TRUE,"g__","f__","o__Absconditabacteriales (SR1)","p__Patescibacteria","k__Bacteria"
"ASV_28127",TRUE,"g__","f__","o__Absconditabacteriales (SR1)","p__Patescibacteria","k__Bacteria"
"ASV_28140",TRUE,"g__","f__","o__Absconditabacteriales (SR1)","p__Patescibacteria","k__Bacteria"
"ASV_28147",TRUE,"g__","f__","o__Absconditabacteriales (SR1)","p__Patescibacteria","k__Bacteria"
"ASV_28157",TRUE,"g__","f__","o__Absconditabacteriales (SR1)","p__Patescibacteria","k__Bacteria"
"ASV_28159",TRUE,"g__","f__","o__","p__Patescibacteria","k__Bacteria"
"ASV_28165",TRUE,"g__","f__","o__","p__Patescibacteria","k__Bacteria"
"ASV_28345",TRUE,"g__","f__","o__Absconditabacteriales (SR1)","p__Patescibacteria","k__Bacteria"
"ASV_28353",TRUE,"g__","f__","o__Absconditabacteriales (SR1)","p__Patescibacteria","k__Bacteria"
"ASV_28393",TRUE,"g__","f__","o__Absconditabacteriales (SR1)","p__Patescibacteria","k__Bacteria"
"ASV_28500",TRUE,"g__","f__","o__","p__Elusimicrobiota","k__Bacteria"
"ASV_28630",TRUE,"g__Jeotgalicoccus","f__Staphylococcaceae","o__Staphylococcales","p__Firmicutes","k__Bacteria"
"ASV_28870",TRUE,"g__Ruminiclostridium","f__Hungateiclostridiaceae","o__Oscillospirales","p__Firmicutes","k__Bacteria"
"ASV_28942",TRUE,"g__Veillonella","f__Veillonellaceae","o__Veillonellales-Selenomonadales","p__Firmicutes","k__Bacteria"
"ASV_29053",TRUE,"g__Anaerospora","f__Sporomusaceae","o__Veillonellales-Selenomonadales","p__Firmicutes","k__Bacteria"
"ASV_29112",TRUE,"g__Veillonella","f__Veillonellaceae","o__Veillonellales-Selenomonadales","p__Firmicutes","k__Bacteria"
"ASV_29119",TRUE,"g__Pelosinus","f__Sporomusaceae","o__Veillonellales-Selenomonadales","p__Firmicutes","k__Bacteria"
"ASV_29124",TRUE,"g__","f__Sporomusaceae","o__Veillonellales-Selenomonadales","p__Firmicutes","k__Bacteria"
"ASV_29201",TRUE,"g__Sporomusa","f__Sporomusaceae","o__Veillonellales-Selenomonadales","p__Firmicutes","k__Bacteria"
"ASV_29248",TRUE,"g__Clostridium sensu stricto 10","f__Clostridiaceae","o__Clostridiales","p__Firmicutes","k__Bacteria"
"ASV_29253",TRUE,"g__Clostridium sensu stricto 9","f__Clostridiaceae","o__Clostridiales","p__Firmicutes","k__Bacteria"
"ASV_29270",TRUE,"g__Clostridium sensu stricto 12","f__Clostridiaceae","o__Clostridiales","p__Firmicutes","k__Bacteria"
"ASV_29282",TRUE,"g__Clostridium sensu stricto 9","f__Clostridiaceae","o__Clostridiales","p__Firmicutes","k__Bacteria"
"ASV_29314",TRUE,"g__Clostridium sensu stricto 1","f__Clostridiaceae","o__Clostridiales","p__Firmicutes","k__Bacteria"
"ASV_29325",TRUE,"g__Clostridium sensu stricto 5","f__Clostridiaceae","o__Clostridiales","p__Firmicutes","k__Bacteria"
"ASV_29355",TRUE,"g__","f__Hungateiclostridiaceae","o__Oscillospirales","p__Firmicutes","k__Bacteria"
"ASV_29357",TRUE,"g__","f__Hungateiclostridiaceae","o__Oscillospirales","p__Firmicutes","k__Bacteria"
"ASV_29363",TRUE,"g__","f__","o__Chitinophagales","p__Bacteroidota","k__Bacteria"
"ASV_29370",TRUE,"g__","f__","o__Chitinophagales","p__Bacteroidota","k__Bacteria"
"ASV_29405",TRUE,"g__Enterococcus","f__Enterococcaceae","o__Lactobacillales","p__Firmicutes","k__Bacteria"
"ASV_29463",TRUE,"g__Anaeromusa-Anaeroarcus","f__Sporomusaceae","o__Veillonellales-Selenomonadales","p__Firmicutes","k__Bacteria"
"ASV_29481",TRUE,"g__Aerococcus","f__Aerococcaceae","o__Lactobacillales","p__Firmicutes","k__Bacteria"
"ASV_29504",TRUE,"g__Cytophaga","f__Cytophagaceae","o__Cytophagales","p__Bacteroidota","k__Bacteria"
"ASV_29510",TRUE,"g__Cytophaga","f__Cytophagaceae","o__Cytophagales","p__Bacteroidota","k__Bacteria"
"ASV_29576",TRUE,"g__OLB12","f__Microscillaceae","o__Cytophagales","p__Bacteroidota","k__Bacteria"
"ASV_29604",TRUE,"g__","f__Microscillaceae","o__Cytophagales","p__Bacteroidota","k__Bacteria"
"ASV_29608",TRUE,"g__Cytophaga","f__Cytophagaceae","o__Cytophagales","p__Bacteroidota","k__Bacteria"
"ASV_29645",TRUE,"g__","f__","o__","p__Elusimicrobiota","k__Bacteria"
"ASV_29654",TRUE,"g__","f__","o__","p__","k__Bacteria"
"ASV_29736",TRUE,"g__Lacihabitans","f__Spirosomaceae","o__Cytophagales","p__Bacteroidota","k__Bacteria"
"ASV_29745",TRUE,"g__Lacihabitans","f__Spirosomaceae","o__Cytophagales","p__Bacteroidota","k__Bacteria"
"ASV_29747",TRUE,"g__Fluviimonas","f__Spirosomaceae","o__Cytophagales","p__Bacteroidota","k__Bacteria"
"ASV_29811",TRUE,"g__Fonticella","f__Caloramatoraceae","o__Clostridiales","p__Firmicutes","k__Bacteria"
"ASV_29833",TRUE,"g__","f__Sporomusaceae","o__Veillonellales-Selenomonadales","p__Firmicutes","k__Bacteria"
"ASV_29855",TRUE,"g__","f__Microscillaceae","o__Cytophagales","p__Bacteroidota","k__Bacteria"
"ASV_29981",TRUE,"g__","f__","o__RBG-13-54-9","p__Chloroflexi","k__Bacteria"
"ASV_30044",TRUE,"g__Mogibacterium","f__Anaerovoracaceae","o__Peptostreptococcales-Tissierellales","p__Firmicutes","k__Bacteria"
"ASV_30060",TRUE,"g__Turneriella","f__Leptospiraceae","o__Leptospirales","p__Spirochaetota","k__Bacteria"
"ASV_30066",TRUE,"g__Turneriella","f__Leptospiraceae","o__Leptospirales","p__Spirochaetota","k__Bacteria"
"ASV_30346",TRUE,"g__Hypnocyclicus","f__Leptotrichiaceae","o__Fusobacteriales","p__Fusobacteriota","k__Bacteria"
"ASV_30473",TRUE,"g__Weissella","f__Lactobacillaceae","o__Lactobacillales","p__Firmicutes","k__Bacteria"
"ASV_30527",TRUE,"g__","f__","o__Candidatus Lloydbacteria","p__Patescibacteria","k__Bacteria"
"ASV_30538",TRUE,"g__","f__","o__Candidatus Lloydbacteria","p__Patescibacteria","k__Bacteria"
"ASV_30605",TRUE,"g__","f__","o__JGI 0000069-P22","p__Patescibacteria","k__Bacteria"
"ASV_30689",TRUE,"g__","f__","o__Candidatus Amesbacteria","p__Patescibacteria","k__Bacteria"
